{
    "short_ma_period": 5,
    "long_ma_period": 20,
    "atr_period": 40,
    "atr_stop_loss_multiplier": 3.7111414494807278,
    "atr_take_profit_multiplier": 5.566712174221092
}